{"primal loss (layer 0)": 0.9241654872894287, "primal loss (layer 1)": 0.15098977088928223, "primal loss (layer 2)": 0.27179235219955444, "primal loss (layer 3)": 0.20765839517116547, "dual loss (layer 0)": 1.1328125, "dual loss (layer 1)": 0.20294053852558136, "dual loss (layer 2)": 0.30717605352401733, "dual loss (layer 3)": 0.2054319679737091, "primal loss": 1.5546060800552368, "dual loss": 1.8483610153198242, "loss": 1.7014834880828857, "_timestamp": 1713793183.4740648, "_runtime": 2415.0241799354553, "_step": 99, "_wandb": {"runtime": 2414}}