{"primal loss (layer 0)": 0.5975952744483948, "primal loss (layer 1)": 0.29170751571655273, "primal loss (layer 2)": 0.19238124787807465, "primal loss (layer 3)": 0.04394043609499931, "dual loss (layer 0)": 1.623509168624878, "dual loss (layer 1)": 0.3738776743412018, "dual loss (layer 2)": 0.6199130415916443, "dual loss (layer 3)": 0.3686455190181732, "primal loss": 1.125624418258667, "dual loss": 2.985945224761963, "loss": 2.0557847023010254, "_timestamp": 1713834206.6359076, "_runtime": 5465.679625749588, "_step": 99, "_wandb": {"runtime": 5464}}