{"primal loss (layer 0)": 1.1832917928695679, "primal loss (layer 1)": 0.41153866052627563, "primal loss (layer 2)": 0.5157714486122131, "primal loss (layer 3)": 0.2997491955757141, "dual loss (layer 0)": 1.7420361042022705, "dual loss (layer 1)": 0.3696824610233307, "dual loss (layer 2)": 0.6548262238502502, "dual loss (layer 3)": 0.3103824257850647, "primal loss": 2.410351037979126, "dual loss": 3.0769271850585938, "loss": 2.7436389923095703, "_timestamp": 1713825657.7539766, "_runtime": 2947.4451036453247, "_step": 42}