{"primal loss (layer 0)": 0.8618673086166382, "primal loss (layer 1)": 0.19013428688049316, "primal loss (layer 2)": 0.35126692056655884, "primal loss (layer 3)": 0.1356181800365448, "dual loss (layer 0)": 1.1641254425048828, "dual loss (layer 1)": 0.1885412633419037, "dual loss (layer 2)": 0.28777849674224854, "dual loss (layer 3)": 0.1789790540933609, "primal loss": 1.5388867855072021, "dual loss": 1.8194242715835571, "loss": 1.6791555881500244, "_timestamp": 1713857797.415662, "_runtime": 738.4417941570282, "_step": 11}