{"primal loss": 1.6692851781845093, "dual loss": 1.478940725326538, "loss": 1.574112892150879, "_timestamp": 1713790018.44653, "_runtime": 82.84264707565308, "_step": 2, "_wandb": {"runtime": 100}}